{"cameraMode":{"drawMode":0,"name":"Shaded","section":"Shading Mode"},"sceneLighting":false,"audioPlay":false,"sceneViewState":{"m_AlwaysRefresh":false,"showFog":true,"showSkybox":false,"showFlares":true,"showImageEffects":true,"showParticleSystems":true,"showVisualEffectGraphs":true,"m_FxEnabled":true},"in2DMode":false,"pivot":{"x":0.17075228691101075,"y":-0.08775793761014939,"z":-0.026337696239352227},"rotation":{"x":0.0782313421368599,"y":-0.8953472971916199,"z":0.17404969036579133,"w":0.402424693107605},"size":1.0311763286590577,"orthographic":false}